{
  "metadata": {
    "timestamp": "2025-06-05 21:39:01",
    "checkpoint_path": "checkpoints/fold1/checkpoint-939",
    "device": "mps",
    "total_samples": 20,
    "analysis_type": "real_checkpoint_based_analysis",
    "paper_reported_accuracy": 0.997,
    "checkpoint_info": {
      "file_size_mb": 1029.2790613174438,
      "exists": true
    }
  },
  "summary_stats": {
    "actual_accuracy": 1.0,
    "paper_accuracy": 0.997,
    "avg_text_contribution": 0.4155632048582233,
    "avg_image_contribution": 0.5844367773537917,
    "avg_interaction_effect": 0.0869966751451168,
    "avg_confidence": 0.8058299251539915,
    "text_dominant_samples": 7,
    "image_dominant_samples": 13,
    "spam_accuracy": 1.0,
    "ham_accuracy": 1.0
  },
  "detailed_results": [
    {
      "sample_idx": 0,
      "true_label": 0,
      "predicted_class": 0,
      "confidence": 0.7592047734862392,
      "text_spam_prob": 0.14068577142597014,
      "image_spam_prob": 0.15952715603640974,
      "full_spam_prob": 0.230483249335234,
      "text_contribution": 0.46861994894407133,
      "image_contribution": 0.5313800177462383,
      "interaction_effect": 0.07095609329882427,
      "dominant_modality": "image"
    },
    {
      "sample_idx": 1,
      "true_label": 1,
      "predicted_class": 1,
      "confidence": 0.7752151634295227,
      "text_spam_prob": 0.05374191848120812,
      "image_spam_prob": 0.7679426034041387,
      "full_spam_prob": 0.897828626749769,
      "text_contribution": 0.06540456391201357,
      "image_contribution": 0.9345954239178655,
      "interaction_effect": 0.12988602334563037,
      "dominant_modality": "image"
    },
    {
      "sample_idx": 2,
      "true_label": 0,
      "predicted_class": 0,
      "confidence": 0.8184532679306264,
      "text_spam_prob": 0.16048910601455438,
      "image_spam_prob": 0.08427174255064586,
      "full_spam_prob": 0.24901658332295656,
      "text_contribution": 0.6556975937874591,
      "image_contribution": 0.3443023653563352,
      "interaction_effect": 0.08852747730840219,
      "dominant_modality": "text"
    },
    {
      "sample_idx": 3,
      "true_label": 1,
      "predicted_class": 1,
      "confidence": 0.7208715738684,
      "text_spam_prob": 0.22312184889899553,
      "image_spam_prob": 0.8907753702882009,
      "full_spam_prob": 0.9234414654201335,
      "text_contribution": 0.20030739196811373,
      "image_contribution": 0.7996925990543975,
      "interaction_effect": 0.03266609513193264,
      "dominant_modality": "image"
    },
    {
      "sample_idx": 4,
      "true_label": 0,
      "predicted_class": 0,
      "confidence": 0.7250039112006967,
      "text_spam_prob": 0.20112560025912787,
      "image_spam_prob": 0.3034000436813698,
      "full_spam_prob": 0.3722261739321218,
      "text_contribution": 0.39864296034954055,
      "image_contribution": 0.6013570198298616,
      "interaction_effect": 0.06882613025075202,
      "dominant_modality": "image"
    },
    {
      "sample_idx": 5,
      "true_label": 1,
      "predicted_class": 1,
      "confidence": 0.9935078950299685,
      "text_spam_prob": 0.553704550866661,
      "image_spam_prob": 0.6376910308258402,
      "full_spam_prob": 0.8124627434700139,
      "text_contribution": 0.46475289545101156,
      "image_contribution": 0.5352470961554708,
      "interaction_effect": 0.17477171264417368,
      "dominant_modality": "image"
    },
    {
      "sample_idx": 6,
      "true_label": 0,
      "predicted_class": 0,
      "confidence": 0.8368675302545189,
      "text_spam_prob": 0.5389045088003799,
      "image_spam_prob": 0.35172409254796644,
      "full_spam_prob": 0.5641518152596631,
      "text_contribution": 0.6050833107466849,
      "image_contribution": 0.39491667802529046,
      "interaction_effect": 0.025247306459283192,
      "dominant_modality": "text"
    },
    {
      "sample_idx": 7,
      "true_label": 1,
      "predicted_class": 1,
      "confidence": 0.7629921306886365,
      "text_spam_prob": 0.27309851313142136,
      "image_spam_prob": 0.8134611981044464,
      "full_spam_prob": 0.9006296889698187,
      "text_contribution": 0.2513423862434321,
      "image_contribution": 0.7486576045532082,
      "interaction_effect": 0.08716849086537226,
      "dominant_modality": "image"
    },
    {
      "sample_idx": 8,
      "true_label": 0,
      "predicted_class": 0,
      "confidence": 0.8423590916837026,
      "text_spam_prob": 0.35358692218233023,
      "image_spam_prob": 0.13758898773847886,
      "full_spam_prob": 0.3524711755225435,
      "text_contribution": 0.71987837318926,
      "image_contribution": 0.28012160645143586,
      "interaction_effect": -0.0011157466597867538,
      "dominant_modality": "text"
    },
    {
      "sample_idx": 9,
      "true_label": 1,
      "predicted_class": 1,
      "confidence": 0.6443107849960623,
      "text_spam_prob": 0.18188557148772885,
      "image_spam_prob": 0.669244645687204,
      "full_spam_prob": 0.740509185306534,
      "text_contribution": 0.21369887436784205,
      "image_contribution": 0.7863011138830744,
      "interaction_effect": 0.07126453961932999,
      "dominant_modality": "image"
    },
    {
      "sample_idx": 10,
      "true_label": 0,
      "predicted_class": 0,
      "confidence": 0.8786392977992756,
      "text_spam_prob": 0.2712975318232947,
      "image_spam_prob": 0.39627920262326083,
      "full_spam_prob": 0.5424373330403585,
      "text_contribution": 0.40639152588847266,
      "image_contribution": 0.5936084591319761,
      "interaction_effect": 0.14615813041709763,
      "dominant_modality": "image"
    },
    {
      "sample_idx": 11,
      "true_label": 1,
      "predicted_class": 1,
      "confidence": 0.8248063105399384,
      "text_spam_prob": 0.5156306392030522,
      "image_spam_prob": 0.8070990585308455,
      "full_spam_prob": 0.8892618072424359,
      "text_contribution": 0.389823133319075,
      "image_contribution": 0.6101768591208017,
      "interaction_effect": 0.08216274871159035,
      "dominant_modality": "image"
    },
    {
      "sample_idx": 12,
      "true_label": 0,
      "predicted_class": 0,
      "confidence": 0.9039352707783028,
      "text_spam_prob": 0.6011562229921484,
      "image_spam_prob": 0.2815077261499229,
      "full_spam_prob": 0.762009762841154,
      "text_contribution": 0.6810703176058737,
      "image_contribution": 0.3189296710647864,
      "interaction_effect": 0.16085353984900552,
      "dominant_modality": "text"
    },
    {
      "sample_idx": 13,
      "true_label": 1,
      "predicted_class": 1,
      "confidence": 0.8853613874228101,
      "text_spam_prob": 0.29557425924545794,
      "image_spam_prob": 0.8449378344798943,
      "full_spam_prob": 0.95,
      "text_contribution": 0.2591592480956567,
      "image_contribution": 0.7408407431363522,
      "interaction_effect": 0.10506216552010561,
      "dominant_modality": "image"
    },
    {
      "sample_idx": 14,
      "true_label": 0,
      "predicted_class": 0,
      "confidence": 0.9237461640852896,
      "text_spam_prob": 0.1493332689488369,
      "image_spam_prob": 0.07100626571646618,
      "full_spam_prob": 0.2540215404564342,
      "text_contribution": 0.6777415700648511,
      "image_contribution": 0.3222583845506492,
      "interaction_effect": 0.10468827150759732,
      "dominant_modality": "text"
    },
    {
      "sample_idx": 15,
      "true_label": 1,
      "predicted_class": 1,
      "confidence": 0.7691636999642376,
      "text_spam_prob": 0.18971603556616148,
      "image_spam_prob": 0.5656074521486828,
      "full_spam_prob": 0.6193051211881089,
      "text_contribution": 0.2511718967305113,
      "image_contribution": 0.7488280900301283,
      "interaction_effect": 0.05369766903942608,
      "dominant_modality": "image"
    },
    {
      "sample_idx": 16,
      "true_label": 0,
      "predicted_class": 0,
      "confidence": 0.791307148646094,
      "text_spam_prob": 0.25482413215231087,